Name,Type 1,Type 2,HP,Attack,Defense,Sp. Atk,Sp. Def,Speed,Generation,Legendary,total_power
Abomasnow,Grass,Ice,90,92,75,92,85,60,4.0,False,167
Abra,Psychic,,25,20,15,105,55,90,1.0,False,35
Absol,Dark,,65,130,60,75,60,75,3.0,False,190
Accelgor,Bug,,80,70,40,100,60,145,5.0,False,110
Aegislash,Unknown,,50,50,50,50,50,50,,False,300
Aegislash (Blade Forme),Unknown,,50,50,50,50,50,50,,False,300
Aegislash (Shield Forme),Unknown,,50,50,50,50,50,50,,False,300
Aerodactyl,Rock,Flying,80,105,65,60,75,130,1.0,False,170
Aggron,Steel,Rock,70,110,180,60,60,50,3.0,False,290
Aipom,Normal,,55,70,55,40,55,85,2.0,False,125
Alakazam,Psychic,,55,50,45,135,95,120,1.0,False,95
Alcremie,Unknown,,50,50,50,50,50,50,,False,300
Alolan Diglett,Unknown,,50,50,50,50,50,50,,False,300
Alolan Dugtrio,Unknown,,50,50,50,50,50,50,,False,300
Alolan Exeggutor,Unknown,,50,50,50,50,50,50,,False,300
Alolan Geodude,Unknown,,50,50,50,50,50,50,,False,300
Alolan Golem,Unknown,,50,50,50,50,50,50,,False,300
Alolan Graveler,Unknown,,50,50,50,50,50,50,,False,300
Alolan Grimer,Unknown,,50,50,50,50,50,50,,False,300
Alolan Marowak,Unknown,,50,50,50,50,50,50,,False,300
Alolan Meowth,Unknown,,50,50,50,50,50,50,,False,300
Alolan Muk,Unknown,,50,50,50,50,50,50,,False,300
Alolan Ninetales,Unknown,,50,50,50,50,50,50,,False,300
Alolan Persian,Unknown,,50,50,50,50,50,50,,False,300
Alolan Raichu,Unknown,,50,50,50,50,50,50,,False,300
Alolan Raticate,Unknown,,50,50,50,50,50,50,,False,300
Alolan Rattata,Unknown,,50,50,50,50,50,50,,False,300
Alolan Sandshrew,Unknown,,50,50,50,50,50,50,,False,300
Alolan Sandslash,Unknown,,50,50,50,50,50,50,,False,300
Alolan Vulpix,Unknown,,50,50,50,50,50,50,,False,300
Alomomola,Water,,165,75,80,40,45,65,5.0,False,155
Altaria,Dragon,Flying,75,70,90,70,105,80,3.0,False,160
Amaura,Rock,Ice,77,59,50,67,63,46,6.0,False,109
Ambipom,Normal,,75,100,66,60,66,115,4.0,False,166
Amoonguss,Grass,Poison,114,85,70,85,80,30,5.0,False,155
Ampharos,Electric,,90,75,85,115,90,55,2.0,False,160
Annihilape,Unknown,,50,50,50,50,50,50,,False,300
Anorith,Rock,Bug,45,95,50,40,50,75,3.0,False,145
Appletun,Unknown,,50,50,50,50,50,50,,False,300
Applin,Unknown,,50,50,50,50,50,50,,False,300
Araquanid,Unknown,,50,50,50,50,50,50,,False,300
Arbok,Poison,,60,85,69,65,79,80,1.0,False,154
Arboliva,Unknown,,50,50,50,50,50,50,,False,300
Arcanine,Fire,,90,110,80,100,80,95,1.0,False,190
Arceus,Normal,,120,120,120,120,120,120,4.0,True,240
Archaludon,Unknown,,50,50,50,50,50,50,,False,300
Archen,Rock,Flying,55,112,45,74,45,70,5.0,False,157
Archeops,Rock,Flying,75,140,65,112,65,110,5.0,False,205
Arctibax,Unknown,,50,50,50,50,50,50,,False,300
Arctovish,Unknown,,50,50,50,50,50,50,,False,300
Arctozolt,Unknown,,50,50,50,50,50,50,,False,300
Ariados,Bug,Poison,70,90,70,60,60,40,2.0,False,160
Armaldo,Rock,Bug,75,125,100,70,80,45,3.0,False,225
Armarouge,Unknown,,50,50,50,50,50,50,,False,300
Aromatisse,Fairy,,101,72,72,99,89,29,6.0,False,144
Aron,Steel,Rock,50,70,100,40,40,30,3.0,False,170
Arrokuda,Unknown,,50,50,50,50,50,50,,False,300
Articuno,Ice,Flying,90,85,100,95,125,85,1.0,True,185
Audino,Normal,,103,60,86,60,86,50,5.0,False,146
Aurorus,Rock,Ice,123,77,72,99,92,58,6.0,False,149
Avalugg,Ice,,95,117,184,44,46,28,6.0,False,301
Axew,Dragon,,46,87,60,30,40,57,5.0,False,147
Azelf,Psychic,,75,125,70,125,70,115,4.0,True,195
Azumarill,Water,Fairy,100,50,80,60,80,50,2.0,False,130
Azurill,Normal,Fairy,50,20,40,20,40,20,3.0,False,60
Bagon,Dragon,,45,75,60,40,30,50,3.0,False,135
Baltoy,Ground,Psychic,40,40,55,40,70,55,3.0,False,95
Banette,Ghost,,64,115,65,83,63,65,3.0,False,180
Barbaracle,Rock,Water,72,105,115,54,86,68,6.0,False,220
Barboach,Water,Ground,50,48,43,46,41,60,3.0,False,91
Barraskewda,Unknown,,50,50,50,50,50,50,,False,300
Basculegion,Unknown,,50,50,50,50,50,50,,False,300
Basculegion (Female),Unknown,,50,50,50,50,50,50,,False,300
Basculegion (Male),Unknown,,50,50,50,50,50,50,,False,300
Basculin,Water,,70,92,65,80,55,98,5.0,False,157
Basculin (Blue-Striped Form),Unknown,,50,50,50,50,50,50,,False,300
Basculin (Red-Striped Form),Unknown,,50,50,50,50,50,50,,False,300
Basculin (White-Striped Form),Unknown,,50,50,50,50,50,50,,False,300
Bastiodon,Rock,Steel,60,52,168,47,138,30,4.0,False,220
Baxcalibur,Unknown,,50,50,50,50,50,50,,False,300
Bayleef,Grass,,60,62,80,63,80,60,2.0,False,142
Beartic,Ice,,95,110,80,70,80,50,5.0,False,190
Beautifly,Bug,Flying,60,70,50,100,50,65,3.0,False,120
Beedrill,Bug,Poison,65,90,40,45,80,75,1.0,False,130
Beheeyem,Psychic,,75,75,75,125,95,40,5.0,False,150
Beldum,Steel,Psychic,40,55,80,35,60,30,3.0,False,135
Bellibolt,Unknown,,50,50,50,50,50,50,,False,300
Bellossom,Grass,,75,80,95,90,100,50,2.0,False,175
Bellsprout,Grass,Poison,50,75,35,70,30,40,1.0,False,110
Bergmite,Ice,,55,69,85,32,35,28,6.0,False,154
Bewear,Unknown,,50,50,50,50,50,50,,False,300
Bibarel,Normal,Water,79,85,60,55,60,71,4.0,False,145
Bidoof,Normal,,59,45,40,35,40,31,4.0,False,85
Binacle,Rock,Water,42,52,67,39,56,50,6.0,False,119
Bisharp,Dark,Steel,65,125,100,60,70,70,5.0,False,225
Blacephalon,Unknown,,50,50,50,50,50,50,,False,300
Blastoise,Water,,79,83,100,85,105,78,1.0,False,183
Blaziken,Fire,Fighting,80,120,70,110,70,80,3.0,False,190
Blipbug,Unknown,,50,50,50,50,50,50,,False,300
Blissey,Normal,,255,10,10,75,135,55,2.0,False,20
Blitzle,Electric,,45,60,32,50,32,76,5.0,False,92
Boldore,Rock,,70,105,105,50,40,20,5.0,False,210
Boltund,Unknown,,50,50,50,50,50,50,,False,300
Bombirdier,Unknown,,50,50,50,50,50,50,,False,300
Bonsly,Rock,,50,80,95,10,45,10,4.0,False,175
Bouffalant,Normal,,95,110,95,40,95,55,5.0,False,205
Bounsweet,Unknown,,50,50,50,50,50,50,,False,300
Braixen,Fire,,59,59,58,90,70,73,6.0,False,117
Brambleghast,Unknown,,50,50,50,50,50,50,,False,300
Bramblin,Unknown,,50,50,50,50,50,50,,False,300
Braviary,Normal,Flying,100,123,75,57,75,80,5.0,False,198
Breloom,Grass,Fighting,60,130,80,60,60,70,3.0,False,210
Brionne,Unknown,,50,50,50,50,50,50,,False,300
Bronzong,Steel,Psychic,67,89,116,79,116,33,4.0,False,205
Bronzor,Steel,Psychic,57,24,86,24,86,23,4.0,False,110
Brute Bonnet,Unknown,,50,50,50,50,50,50,,False,300
Bruxish,Unknown,,50,50,50,50,50,50,,False,300
Budew,Grass,Poison,40,30,35,50,70,55,4.0,False,65
Buizel,Water,,55,65,35,60,30,85,4.0,False,100
Bulbasaur,Grass,Poison,45,49,49,65,65,45,1.0,False,98
Buneary,Normal,,55,66,44,44,56,85,4.0,False,110
Bunnelby,Normal,,38,36,38,32,36,57,6.0,False,74
Burmy,Bug,,40,29,45,29,45,36,4.0,False,74
Burmy (Plant Cloak),Unknown,,50,50,50,50,50,50,,False,300
Burmy (Sandy Cloak),Unknown,,50,50,50,50,50,50,,False,300
Burmy (Trash Cloak),Unknown,,50,50,50,50,50,50,,False,300
Butterfree,Bug,Flying,60,45,50,90,80,70,1.0,False,95
Buzzwole,Unknown,,50,50,50,50,50,50,,False,300
Cacnea,Grass,,50,85,40,85,40,35,3.0,False,125
Cacturne,Grass,Dark,70,115,60,115,60,55,3.0,False,175
Calyrex,Unknown,,50,50,50,50,50,50,,False,300
Calyrex (Ice Rider),Unknown,,50,50,50,50,50,50,,False,300
Calyrex (Shadow Rider),Unknown,,50,50,50,50,50,50,,False,300
Camerupt,Fire,Ground,70,100,70,105,75,40,3.0,False,170
Capsakid,Unknown,,50,50,50,50,50,50,,False,300
Carbink,Rock,Fairy,50,50,150,50,150,50,6.0,False,200
Carkol,Unknown,,50,50,50,50,50,50,,False,300
Carnivine,Grass,,74,100,72,90,72,46,4.0,False,172
Carracosta,Water,Rock,74,108,133,83,65,32,5.0,False,241
Carvanha,Water,Dark,45,90,20,65,20,65,3.0,False,110
Cascoon,Bug,,50,35,55,25,25,15,3.0,False,90
Castform,Normal,,70,70,70,70,70,70,3.0,False,140
Caterpie,Bug,,45,30,35,20,20,45,1.0,False,65
Celebi,Psychic,Grass,100,100,100,100,100,100,2.0,False,200
Celesteela,Unknown,,50,50,50,50,50,50,,False,300
Centiskorch,Unknown,,50,50,50,50,50,50,,False,300
Ceruledge,Unknown,,50,50,50,50,50,50,,False,300
Cetitan,Unknown,,50,50,50,50,50,50,,False,300
Cetoddle,Unknown,,50,50,50,50,50,50,,False,300
Chandelure,Ghost,Fire,60,55,90,145,90,80,5.0,False,145
Chansey,Normal,,250,5,5,35,105,50,1.0,False,10
Charcadet,Unknown,,50,50,50,50,50,50,,False,300
Charizard,Fire,Flying,78,84,78,109,85,100,1.0,False,162
Charjabug,Unknown,,50,50,50,50,50,50,,False,300
Charmander,Fire,,39,52,43,60,50,65,1.0,False,95
Charmeleon,Fire,,58,64,58,80,65,80,1.0,False,122
Chatot,Normal,Flying,76,65,45,92,42,91,4.0,False,110
Cherrim,Grass,,70,60,70,87,78,85,4.0,False,130
Cherubi,Grass,,45,35,45,62,53,35,4.0,False,80
Chesnaught,Grass,Fighting,88,107,122,74,75,64,6.0,False,229
Chespin,Grass,,56,61,65,48,45,38,6.0,False,126
Chewtle,Unknown,,50,50,50,50,50,50,,False,300
Chi-Yu,Unknown,,50,50,50,50,50,50,,False,300
Chien-Pao,Unknown,,50,50,50,50,50,50,,False,300
Chikorita,Grass,,45,49,65,49,65,45,2.0,False,114
Chimchar,Fire,,44,58,44,58,44,61,4.0,False,102
Chimecho,Psychic,,65,50,70,95,80,65,3.0,False,120
Chinchou,Water,Electric,75,38,38,56,56,67,2.0,False,76
Chingling,Psychic,,45,30,50,65,50,45,4.0,False,80
Cinccino,Normal,,75,95,60,65,60,115,5.0,False,155
Cinderace,Unknown,,50,50,50,50,50,50,,False,300
Clamperl,Water,,35,64,85,74,55,32,3.0,False,149
Clauncher,Water,,50,53,62,58,63,44,6.0,False,115
Clawitzer,Water,,71,73,88,120,89,59,6.0,False,161
Claydol,Ground,Psychic,60,70,105,70,120,75,3.0,False,175
Clefable,Fairy,,95,70,73,95,90,60,1.0,False,143
Clefairy,Fairy,,70,45,48,60,65,35,1.0,False,93
Cleffa,Fairy,,50,25,28,45,55,15,2.0,False,53
Clobbopus,Unknown,,50,50,50,50,50,50,,False,300
Clodsire,Unknown,,50,50,50,50,50,50,,False,300
Cloyster,Water,Ice,50,95,180,85,45,70,1.0,False,275
Coalossal,Unknown,,50,50,50,50,50,50,,False,300
Cobalion,Steel,Fighting,91,90,129,90,72,108,5.0,True,219
Cofagrigus,Ghost,,58,50,145,95,105,30,5.0,False,195
Combee,Bug,Flying,30,30,42,30,42,70,4.0,False,72
Combusken,Fire,Fighting,60,85,60,85,60,55,3.0,False,145
Comfey,Unknown,,50,50,50,50,50,50,,False,300
Conkeldurr,Fighting,,105,140,95,55,65,45,5.0,False,235
Copperajah,Unknown,,50,50,50,50,50,50,,False,300
Corphish,Water,,43,80,65,50,35,35,3.0,False,145
Corsola,Water,Rock,55,55,85,65,85,35,2.0,False,140
Corviknight,Unknown,,50,50,50,50,50,50,,False,300
Corvisquire,Unknown,,50,50,50,50,50,50,,False,300
Cosmoem,Unknown,,50,50,50,50,50,50,,False,300
Cosmog,Unknown,,50,50,50,50,50,50,,False,300
Cottonee,Grass,Fairy,40,27,60,37,50,66,5.0,False,87
Crabominable,Unknown,,50,50,50,50,50,50,,False,300
Crabrawler,Unknown,,50,50,50,50,50,50,,False,300
Cradily,Rock,Grass,86,81,97,81,107,43,3.0,False,178
Cramorant,Unknown,,50,50,50,50,50,50,,False,300
Cranidos,Rock,,67,125,40,30,30,58,4.0,False,165
Crawdaunt,Water,Dark,63,120,85,90,55,55,3.0,False,205
Cresselia,Psychic,,120,70,120,75,130,85,4.0,False,190
Croagunk,Poison,Fighting,48,61,40,61,40,50,4.0,False,101
Crobat,Poison,Flying,85,90,80,70,80,130,2.0,False,170
Crocalor,Unknown,,50,50,50,50,50,50,,False,300
Croconaw,Water,,65,80,80,59,63,58,2.0,False,160
Crustle,Bug,Rock,70,95,125,65,75,45,5.0,False,220
Cryogonal,Ice,,70,50,30,95,135,105,5.0,False,80
Cubchoo,Ice,,55,70,40,60,40,40,5.0,False,110
Cubone,Ground,,50,50,95,40,50,35,1.0,False,145
Cufant,Unknown,,50,50,50,50,50,50,,False,300
Cursola,Unknown,,50,50,50,50,50,50,,False,300
Cutiefly,Unknown,,50,50,50,50,50,50,,False,300
Cyclizar,Unknown,,50,50,50,50,50,50,,False,300
Cyndaquil,Fire,,39,52,43,60,50,65,2.0,False,95
Dachsbun,Unknown,,50,50,50,50,50,50,,False,300
Darkrai,Dark,,70,90,90,135,90,125,4.0,True,180
Darmanitan,Unknown,,50,50,50,50,50,50,,False,300
Darmanitan (Galarian Standard Mode),Unknown,,50,50,50,50,50,50,,False,300
Darmanitan (Galarian Zen Mode),Unknown,,50,50,50,50,50,50,,False,300
Darmanitan (Standard Mode),Unknown,,50,50,50,50,50,50,,False,300
Darmanitan (Zen Mode),Unknown,,50,50,50,50,50,50,,False,300
Dartrix,Unknown,,50,50,50,50,50,50,,False,300
Darumaka,Fire,,70,90,45,15,45,50,5.0,False,135
Decidueye,Unknown,,50,50,50,50,50,50,,False,300
Dedenne,Electric,Fairy,67,58,57,81,67,101,6.0,False,115
Deerling,Normal,Grass,60,60,50,40,50,75,5.0,False,110
Deino,Dark,Dragon,52,65,50,45,50,38,5.0,False,115
Delcatty,Normal,,70,65,65,55,55,70,3.0,False,130
Delibird,Ice,Flying,45,55,45,65,45,75,2.0,False,100
Delphox,Fire,Psychic,75,69,72,114,100,104,6.0,False,141
Deoxys,Unknown,,50,50,50,50,50,50,,False,300
Deoxys (Attack Forme),Unknown,,50,50,50,50,50,50,,False,300
Deoxys (Defense Forme),Unknown,,50,50,50,50,50,50,,False,300
Deoxys (Normal Forme),Unknown,,50,50,50,50,50,50,,False,300
Deoxys (Speed Forme),Unknown,,50,50,50,50,50,50,,False,300
Dewgong,Water,Ice,90,70,80,70,95,70,1.0,False,150
Dewott,Water,,75,75,60,83,60,60,5.0,False,135
Dewpider,Unknown,,50,50,50,50,50,50,,False,300
Dhelmise,Unknown,,50,50,50,50,50,50,,False,300
Dialga,Steel,Dragon,100,120,120,150,100,90,4.0,True,240
Dialga (Origin Forme),Unknown,,50,50,50,50,50,50,,False,300
Diancie,Rock,Fairy,50,100,150,100,150,50,6.0,True,250
Diggersby,Normal,Ground,85,56,77,50,77,78,6.0,False,133
Diglett,Ground,,10,55,25,35,45,95,1.0,False,80
Dipplin,Unknown,,50,50,50,50,50,50,,False,300
Ditto,Normal,,48,48,48,48,48,48,1.0,False,96
Dodrio,Normal,Flying,60,110,70,60,60,100,1.0,False,180
Doduo,Normal,Flying,35,85,45,35,35,75,1.0,False,130
Dolliv,Unknown,,50,50,50,50,50,50,,False,300
Dondozo,Unknown,,50,50,50,50,50,50,,False,300
Donphan,Ground,,90,120,120,60,60,50,2.0,False,240
Dottler,Unknown,,50,50,50,50,50,50,,False,300
Doublade,Steel,Ghost,59,110,150,45,49,35,6.0,False,260
Dracovish,Unknown,,50,50,50,50,50,50,,False,300
Dracozolt,Unknown,,50,50,50,50,50,50,,False,300
Dragalge,Poison,Dragon,65,75,90,97,123,44,6.0,False,165
Dragapult,Unknown,,50,50,50,50,50,50,,False,300
Dragonair,Dragon,,61,84,65,70,70,70,1.0,False,149
Dragonite,Dragon,Flying,91,134,95,100,100,80,1.0,False,229
Drakloak,Unknown,,50,50,50,50,50,50,,False,300
Drampa,Unknown,,50,50,50,50,50,50,,False,300
Drapion,Poison,Dark,70,90,110,60,75,95,4.0,False,200
Dratini,Dragon,,41,64,45,50,50,50,1.0,False,109
Drednaw,Unknown,,50,50,50,50,50,50,,False,300
Dreepy,Unknown,,50,50,50,50,50,50,,False,300
Drifblim,Ghost,Flying,150,80,44,90,54,80,4.0,False,124
Drifloon,Ghost,Flying,90,50,34,60,44,70,4.0,False,84
Drilbur,Ground,,60,85,40,30,45,68,5.0,False,125
Drizzile,Unknown,,50,50,50,50,50,50,,False,300
Drowzee,Psychic,,60,48,45,43,90,42,1.0,False,93
Druddigon,Dragon,,77,120,90,60,90,48,5.0,False,210
Dubwool,Unknown,,50,50,50,50,50,50,,False,300
Ducklett,Water,Flying,62,44,50,44,50,55,5.0,False,94
Dudunsparce,Unknown,,50,50,50,50,50,50,,False,300
Dudunsparce (Two-Segment Form),Unknown,,50,50,50,50,50,50,,False,300
Dugtrio,Ground,,35,80,50,50,70,120,1.0,False,130
Dunsparce,Normal,,100,70,70,65,65,45,2.0,False,140
Duosion,Psychic,,65,40,50,125,60,30,5.0,False,90
Duraludon,Unknown,,50,50,50,50,50,50,,False,300
Durant,Bug,Steel,58,109,112,48,48,109,5.0,False,221
Dusclops,Ghost,,40,70,130,60,130,25,3.0,False,200
Dusknoir,Ghost,,45,100,135,65,135,45,4.0,False,235
Duskull,Ghost,,20,40,90,30,90,25,3.0,False,130
Dustox,Bug,Poison,60,50,70,50,90,65,3.0,False,120
Dwebble,Bug,Rock,50,65,85,35,35,55,5.0,False,150
Eelektrik,Electric,,65,85,70,75,70,40,5.0,False,155
Eelektross,Electric,,85,115,80,105,80,50,5.0,False,195
Eevee,Normal,,55,55,50,45,65,55,1.0,False,105
Eevee (Partner Eevee),Unknown,,50,50,50,50,50,50,,False,300
Eiscue,Unknown,,50,50,50,50,50,50,,False,300
Eiscue (Ice Face),Unknown,,50,50,50,50,50,50,,False,300
Eiscue (Noice Face),Unknown,,50,50,50,50,50,50,,False,300
Ekans,Poison,,35,60,44,40,54,55,1.0,False,104
Eldegoss,Unknown,,50,50,50,50,50,50,,False,300
Electabuzz,Electric,,65,83,57,95,85,105,1.0,False,140
Electivire,Electric,,75,123,67,95,85,95,4.0,False,190
Electrike,Electric,,40,45,40,65,40,65,3.0,False,85
Electrode,Electric,,60,50,70,80,80,140,1.0,False,120
Elekid,Electric,,45,63,37,65,55,95,2.0,False,100
Elgyem,Psychic,,55,55,55,85,55,30,5.0,False,110
Emboar,Fire,Fighting,110,123,65,100,65,65,5.0,False,188
Emolga,Electric,Flying,55,75,60,75,60,103,5.0,False,135
Empoleon,Water,Steel,84,86,88,111,101,60,4.0,False,174
Enamorus,Unknown,,50,50,50,50,50,50,,False,300
Enamorus (Incarnate Forme),Unknown,,50,50,50,50,50,50,,False,300
Enamorus (Therian Forme),Unknown,,50,50,50,50,50,50,,False,300
Entei,Fire,,115,115,85,90,75,100,2.0,True,200
Escavalier,Bug,Steel,70,135,105,60,105,20,5.0,False,240
Espathra,Unknown,,50,50,50,50,50,50,,False,300
Espeon,Psychic,,65,65,60,130,95,110,2.0,False,125
Espurr,Psychic,,62,48,54,63,60,68,6.0,False,102
Eternatus,Unknown,,50,50,50,50,50,50,,False,300
Excadrill,Ground,Steel,110,135,60,50,65,88,5.0,False,195
Exeggcute,Grass,Psychic,60,40,80,60,45,40,1.0,False,120
Exeggutor,Grass,Psychic,95,95,85,125,65,55,1.0,False,180
Exploud,Normal,,104,91,63,91,73,68,3.0,False,154
Falinks,Unknown,,50,50,50,50,50,50,,False,300
Farfetch_d,Unknown,,50,50,50,50,50,50,,False,300
Farigiraf,Unknown,,50,50,50,50,50,50,,False,300
Fearow,Normal,Flying,65,90,65,61,61,100,1.0,False,155
Feebas,Water,,20,15,20,10,55,80,3.0,False,35
Fennekin,Fire,,40,45,40,62,60,60,6.0,False,85
Feraligatr,Water,,85,105,100,79,83,78,2.0,False,205
Ferroseed,Grass,Steel,44,50,91,24,86,10,5.0,False,141
Ferrothorn,Grass,Steel,74,94,131,54,116,20,5.0,False,225
Fezandipiti,Unknown,,50,50,50,50,50,50,,False,300
Fidough,Unknown,,50,50,50,50,50,50,,False,300
Finizen,Unknown,,50,50,50,50,50,50,,False,300
Finneon,Water,,49,49,56,49,61,66,4.0,False,105
Flaaffy,Electric,,70,55,55,80,60,45,2.0,False,110
Flabébé,Fairy,,44,38,39,61,79,42,6.0,False,77
Flamigo,Unknown,,50,50,50,50,50,50,,False,300
Flapple,Unknown,,50,50,50,50,50,50,,False,300
Flareon,Fire,,65,130,60,95,110,65,1.0,False,190
Fletchinder,Fire,Flying,62,73,55,56,52,84,6.0,False,128
Fletchling,Normal,Flying,45,50,43,40,38,62,6.0,False,93
Flittle,Unknown,,50,50,50,50,50,50,,False,300
Floatzel,Water,,85,105,55,85,50,115,4.0,False,160
Floette,Fairy,,54,45,47,75,98,52,6.0,False,92
Floragato,Unknown,,50,50,50,50,50,50,,False,300
Florges,Fairy,,78,65,68,112,154,75,6.0,False,133
Flutter Mane,Unknown,,50,50,50,50,50,50,,False,300
Flygon,Ground,Dragon,80,100,80,80,80,100,3.0,False,180
Fomantis,Unknown,,50,50,50,50,50,50,,False,300
Foongus,Grass,Poison,69,55,45,55,55,15,5.0,False,100
Forretress,Bug,Steel,75,90,140,60,60,40,2.0,False,230
Fraxure,Dragon,,66,117,70,40,50,67,5.0,False,187
Frigibax,Unknown,,50,50,50,50,50,50,,False,300
Frillish,Water,Ghost,55,40,50,65,85,40,5.0,False,90
Froakie,Water,,41,56,40,62,44,71,6.0,False,96
Frogadier,Water,,54,63,52,83,56,97,6.0,False,115
Froslass,Ice,Ghost,70,80,70,80,70,110,4.0,False,150
Frosmoth,Unknown,,50,50,50,50,50,50,,False,300
Fuecoco,Unknown,,50,50,50,50,50,50,,False,300
Furfrou,Normal,,75,80,60,65,90,102,6.0,False,140
Furret,Normal,,85,76,64,45,55,90,2.0,False,140
Gabite,Dragon,Ground,68,90,65,50,55,82,4.0,False,155
Galarian Articuno,Unknown,,50,50,50,50,50,50,,False,300
Galarian Corsola,Unknown,,50,50,50,50,50,50,,False,300
Galarian Darumaka,Unknown,,50,50,50,50,50,50,,False,300
Galarian Farfetch_d,Unknown,,50,50,50,50,50,50,,False,300
Galarian Linoone,Unknown,,50,50,50,50,50,50,,False,300
Galarian Meowth,Unknown,,50,50,50,50,50,50,,False,300
Galarian Moltres,Unknown,,50,50,50,50,50,50,,False,300
Galarian Mr. Mime,Unknown,,50,50,50,50,50,50,,False,300
Galarian Ponyta,Unknown,,50,50,50,50,50,50,,False,300
Galarian Rapidash,Unknown,,50,50,50,50,50,50,,False,300
Galarian Slowbro,Unknown,,50,50,50,50,50,50,,False,300
Galarian Slowking,Unknown,,50,50,50,50,50,50,,False,300
Galarian Slowpoke,Unknown,,50,50,50,50,50,50,,False,300
Galarian Stunfisk,Unknown,,50,50,50,50,50,50,,False,300
Galarian Weezing,Unknown,,50,50,50,50,50,50,,False,300
Galarian Yamask,Unknown,,50,50,50,50,50,50,,False,300
Galarian Zapdos,Unknown,,50,50,50,50,50,50,,False,300
Galarian Zigzagoon,Unknown,,50,50,50,50,50,50,,False,300
Gallade,Psychic,Fighting,68,125,65,65,115,80,4.0,False,190
Galvantula,Bug,Electric,70,77,60,97,60,108,5.0,False,137
Garbodor,Poison,,80,95,82,60,82,75,5.0,False,177
Garchomp,Dragon,Ground,108,130,95,80,85,102,4.0,False,225
Gardevoir,Psychic,Fairy,68,65,65,125,115,80,3.0,False,130
Garganacl,Unknown,,50,50,50,50,50,50,,False,300
Gastly,Ghost,Poison,30,35,30,100,35,80,1.0,False,65
Gastrodon,Water,Ground,111,83,68,92,82,39,4.0,False,151
Genesect,Bug,Steel,71,120,95,120,95,99,5.0,False,215
Gengar,Ghost,Poison,60,65,60,130,75,110,1.0,False,125
Geodude,Rock,Ground,40,80,100,30,30,20,1.0,False,180
Gholdengo,Unknown,,50,50,50,50,50,50,,False,300
Gible,Dragon,Ground,58,70,45,40,45,42,4.0,False,115
Gigalith,Rock,,85,135,130,60,80,25,5.0,False,265
Gimmighoul,Unknown,,50,50,50,50,50,50,,False,300
Gimmighoul (Chest Form),Unknown,,50,50,50,50,50,50,,False,300
Gimmighoul (Roaming Form),Unknown,,50,50,50,50,50,50,,False,300
Girafarig,Normal,Psychic,70,80,65,90,65,85,2.0,False,145
Giratina,Unknown,,50,50,50,50,50,50,,False,300
Giratina (Altered Forme),Unknown,,50,50,50,50,50,50,,False,300
Giratina (Origin Forme),Unknown,,50,50,50,50,50,50,,False,300
Glaceon,Ice,,65,60,110,130,95,65,4.0,False,170
Glalie,Ice,,80,80,80,80,80,80,3.0,False,160
Glameow,Normal,,49,55,42,42,37,85,4.0,False,97
Glastrier,Unknown,,50,50,50,50,50,50,,False,300
Gligar,Ground,Flying,65,75,105,35,65,85,2.0,False,180
Glimmet,Unknown,,50,50,50,50,50,50,,False,300
Glimmora,Unknown,,50,50,50,50,50,50,,False,300
Gliscor,Ground,Flying,75,95,125,45,75,95,4.0,False,220
Gloom,Grass,Poison,60,65,70,85,75,40,1.0,False,135
Gogoat,Grass,,123,100,62,97,81,68,6.0,False,162
Golbat,Poison,Flying,75,80,70,65,75,90,1.0,False,150
Goldeen,Water,,45,67,60,35,50,63,1.0,False,127
Golduck,Water,,80,82,78,95,80,85,1.0,False,160
Golem,Rock,Ground,80,120,130,55,65,45,1.0,False,250
Golett,Ground,Ghost,59,74,50,35,50,35,5.0,False,124
Golisopod,Unknown,,50,50,50,50,50,50,,False,300
Golurk,Ground,Ghost,89,124,80,55,80,55,5.0,False,204
Goodra,Dragon,,90,100,70,110,150,80,6.0,False,170
Goomy,Dragon,,45,50,35,55,75,40,6.0,False,85
Gorebyss,Water,,55,84,105,114,75,52,3.0,False,189
Gossifleur,Unknown,,50,50,50,50,50,50,,False,300
Gothita,Psychic,,45,30,50,55,65,45,5.0,False,80
Gothitelle,Psychic,,70,55,95,95,110,65,5.0,False,150
Gothorita,Psychic,,60,45,70,75,85,55,5.0,False,115
Gourgeist,Unknown,,50,50,50,50,50,50,,False,300
Grafaiai,Unknown,,50,50,50,50,50,50,,False,300
Granbull,Fairy,,90,120,75,60,60,45,2.0,False,195
Grapploct,Unknown,,50,50,50,50,50,50,,False,300
Graveler,Rock,Ground,55,95,115,45,45,35,1.0,False,210
Great Tusk,Unknown,,50,50,50,50,50,50,,False,300
Greavard,Unknown,,50,50,50,50,50,50,,False,300
Greedent,Unknown,,50,50,50,50,50,50,,False,300
Greninja,Water,Dark,72,95,67,103,71,122,6.0,False,162
Greninja (Ash-Greninja),Unknown,,50,50,50,50,50,50,,False,300
Grimer,Poison,,80,80,50,40,50,25,1.0,False,130
Grimmsnarl,Unknown,,50,50,50,50,50,50,,False,300
Grookey,Unknown,,50,50,50,50,50,50,,False,300
Grotle,Grass,,75,89,85,55,65,36,4.0,False,174
Groudon,Ground,,100,150,140,100,90,90,3.0,True,290
Grovyle,Grass,,50,65,45,85,65,95,3.0,False,110
Growlithe,Fire,,55,70,45,70,50,60,1.0,False,115
Grubbin,Unknown,,50,50,50,50,50,50,,False,300
Grumpig,Psychic,,80,45,65,90,110,80,3.0,False,110
Gulpin,Poison,,70,43,53,43,53,40,3.0,False,96
Gumshoos,Unknown,,50,50,50,50,50,50,,False,300
Gurdurr,Fighting,,85,105,85,40,50,40,5.0,False,190
Guzzlord,Unknown,,50,50,50,50,50,50,,False,300
Gyarados,Water,Flying,95,125,79,60,100,81,1.0,False,204
Hakamo-o,Unknown,,50,50,50,50,50,50,,False,300
Happiny,Normal,,100,5,5,15,65,30,4.0,False,10
Hariyama,Fighting,,144,120,60,40,60,50,3.0,False,180
Hatenna,Unknown,,50,50,50,50,50,50,,False,300
Hatterene,Unknown,,50,50,50,50,50,50,,False,300
Hattrem,Unknown,,50,50,50,50,50,50,,False,300
Haunter,Ghost,Poison,45,50,45,115,55,95,1.0,False,95
Hawlucha,Fighting,Flying,78,92,75,74,63,118,6.0,False,167
Haxorus,Dragon,,76,147,90,60,70,97,5.0,False,237
Heatmor,Fire,,85,97,66,105,66,65,5.0,False,163
Heatran,Fire,Steel,91,90,106,130,106,77,4.0,True,196
Heliolisk,Electric,Normal,62,55,52,109,94,109,6.0,False,107
Helioptile,Electric,Normal,44,38,33,61,43,70,6.0,False,71
Heracross,Bug,Fighting,80,125,75,40,95,85,2.0,False,200
Herdier,Normal,,65,80,65,35,65,60,5.0,False,145
Hippopotas,Ground,,68,72,78,38,42,32,4.0,False,150
Hippowdon,Ground,,108,112,118,68,72,47,4.0,False,230
Hisuian Arcanine,Unknown,,50,50,50,50,50,50,,False,300
Hisuian Avalugg,Unknown,,50,50,50,50,50,50,,False,300
Hisuian Braviary,Unknown,,50,50,50,50,50,50,,False,300
Hisuian Decidueye,Unknown,,50,50,50,50,50,50,,False,300
Hisuian Electrode,Unknown,,50,50,50,50,50,50,,False,300
Hisuian Goodra,Unknown,,50,50,50,50,50,50,,False,300
Hisuian Growlithe,Unknown,,50,50,50,50,50,50,,False,300
Hisuian Lilligant,Unknown,,50,50,50,50,50,50,,False,300
Hisuian Qwilfish,Unknown,,50,50,50,50,50,50,,False,300
Hisuian Samurott,Unknown,,50,50,50,50,50,50,,False,300
Hisuian Sliggoo,Unknown,,50,50,50,50,50,50,,False,300
Hisuian Sneasel,Unknown,,50,50,50,50,50,50,,False,300
Hisuian Typhlosion,Unknown,,50,50,50,50,50,50,,False,300
Hisuian Voltorb,Unknown,,50,50,50,50,50,50,,False,300
Hisuian Zoroark,Unknown,,50,50,50,50,50,50,,False,300
Hisuian Zorua,Unknown,,50,50,50,50,50,50,,False,300
Hitmonchan,Fighting,,50,105,79,35,110,76,1.0,False,184
Hitmonlee,Fighting,,50,120,53,35,110,87,1.0,False,173
Hitmontop,Fighting,,50,95,95,35,110,70,2.0,False,190
Ho-oh,Fire,Flying,106,130,90,110,154,90,2.0,True,220
Honchkrow,Dark,Flying,100,125,52,105,52,71,4.0,False,177
Honedge,Steel,Ghost,45,80,100,35,37,28,6.0,False,180
Hoopa,Unknown,,50,50,50,50,50,50,,False,300
Hoopa (Hoopa Confined),Unknown,,50,50,50,50,50,50,,False,300
Hoopa (Hoopa Unbound),Unknown,,50,50,50,50,50,50,,False,300
Hoothoot,Normal,Flying,60,30,30,36,56,50,2.0,False,60
Hoppip,Grass,Flying,35,35,40,35,55,50,2.0,False,75
Horsea,Water,,30,40,70,70,25,60,1.0,False,110
Houndoom,Dark,Fire,75,90,50,110,80,95,2.0,False,140
Houndour,Dark,Fire,45,60,30,80,50,65,2.0,False,90
Houndstone,Unknown,,50,50,50,50,50,50,,False,300
Huntail,Water,,55,104,105,94,75,52,3.0,False,209
Hydrapple,Unknown,,50,50,50,50,50,50,,False,300
Hydreigon,Dark,Dragon,92,105,90,125,90,98,5.0,False,195
Hypno,Psychic,,85,73,70,73,115,67,1.0,False,143
Igglybuff,Normal,Fairy,90,30,15,40,20,15,2.0,False,45
Illumise,Bug,,65,47,55,73,75,85,3.0,False,102
Impidimp,Unknown,,50,50,50,50,50,50,,False,300
Incineroar,Unknown,,50,50,50,50,50,50,,False,300
Indeedee,Unknown,,50,50,50,50,50,50,,False,300
Indeedee (Female),Unknown,,50,50,50,50,50,50,,False,300
Indeedee (Male),Unknown,,50,50,50,50,50,50,,False,300
Infernape,Fire,Fighting,76,104,71,104,71,108,4.0,False,175
Inkay,Dark,Psychic,53,54,53,37,46,45,6.0,False,107
Inteleon,Unknown,,50,50,50,50,50,50,,False,300
Iron Bundle,Unknown,,50,50,50,50,50,50,,False,300
Iron Crown,Unknown,,50,50,50,50,50,50,,False,300
Iron Hands,Unknown,,50,50,50,50,50,50,,False,300
Iron Jugulis,Unknown,,50,50,50,50,50,50,,False,300
Iron Leaves,Unknown,,50,50,50,50,50,50,,False,300
Iron Moth,Unknown,,50,50,50,50,50,50,,False,300
Iron Thorns,Unknown,,50,50,50,50,50,50,,False,300
Iron Treads,Unknown,,50,50,50,50,50,50,,False,300
Iron Valiant,Unknown,,50,50,50,50,50,50,,False,300
Ivysaur,Grass,Poison,60,62,63,80,80,60,1.0,False,125
Jangmo-o,Unknown,,50,50,50,50,50,50,,False,300
Jellicent,Water,Ghost,100,60,70,85,105,60,5.0,False,130
Jigglypuff,Normal,Fairy,115,45,20,45,25,20,1.0,False,65
Jirachi,Steel,Psychic,100,100,100,100,100,100,3.0,True,200
Jolteon,Electric,,65,65,60,110,95,130,1.0,False,125
Joltik,Bug,Electric,50,47,50,57,50,65,5.0,False,97
Jumpluff,Grass,Flying,75,55,70,55,95,110,2.0,False,125
Jynx,Ice,Psychic,65,50,35,115,95,95,1.0,False,85
Kabuto,Rock,Water,30,80,90,55,45,55,1.0,False,170
Kabutops,Rock,Water,60,115,105,65,70,80,1.0,False,220
Kadabra,Psychic,,40,35,30,120,70,105,1.0,False,65
Kakuna,Bug,Poison,45,25,50,25,25,35,1.0,False,75
Kangaskhan,Normal,,105,95,80,40,80,90,1.0,False,175
Karrablast,Bug,,50,75,45,40,45,60,5.0,False,120
Kartana,Unknown,,50,50,50,50,50,50,,False,300
Kecleon,Normal,,60,90,70,60,120,40,3.0,False,160
Keldeo,Unknown,,50,50,50,50,50,50,,False,300
Keldeo (Ordinary Form),Unknown,,50,50,50,50,50,50,,False,300
Keldeo (Resolute Form),Unknown,,50,50,50,50,50,50,,False,300
Kilowattrel,Unknown,,50,50,50,50,50,50,,False,300
Kingambit,Unknown,,50,50,50,50,50,50,,False,300
Kingdra,Water,Dragon,75,95,95,95,95,85,2.0,False,190
Kingler,Water,,55,130,115,50,50,75,1.0,False,245
Kirlia,Psychic,Fairy,38,35,35,65,55,50,3.0,False,70
Klang,Steel,,60,80,95,70,85,50,5.0,False,175
Klawf,Unknown,,50,50,50,50,50,50,,False,300
Kleavor,Unknown,,50,50,50,50,50,50,,False,300
Klefki,Steel,Fairy,57,80,91,80,87,75,6.0,False,171
Klink,Steel,,40,55,70,45,60,30,5.0,False,125
Klinklang,Steel,,60,100,115,70,85,90,5.0,False,215
Koffing,Poison,,40,65,95,60,45,35,1.0,False,160
Komala,Unknown,,50,50,50,50,50,50,,False,300
Kommo-o,Unknown,,50,50,50,50,50,50,,False,300
Koraidon,Unknown,,50,50,50,50,50,50,,False,300
Krabby,Water,,30,105,90,25,25,50,1.0,False,195
Kricketot,Bug,,37,25,41,25,41,25,4.0,False,66
Kricketune,Bug,,77,85,51,55,51,65,4.0,False,136
Krokorok,Ground,Dark,60,82,45,45,45,74,5.0,False,127
Krookodile,Ground,Dark,95,117,80,65,70,92,5.0,False,197
Kubfu,Unknown,,50,50,50,50,50,50,,False,300
Kyogre,Water,,100,100,90,150,140,90,3.0,True,190
Kyurem,Dragon,Ice,125,130,90,130,90,95,5.0,True,220
Kyurem (Black Kyurem),Unknown,,50,50,50,50,50,50,,False,300
Kyurem (White Kyurem),Unknown,,50,50,50,50,50,50,,False,300
Lairon,Steel,Rock,60,90,140,50,50,40,3.0,False,230
Lampent,Ghost,Fire,60,40,60,95,60,55,5.0,False,100
Landorus,Unknown,,50,50,50,50,50,50,,False,300
Landorus (Incarnate Forme),Unknown,,50,50,50,50,50,50,,False,300
Landorus (Therian Forme),Unknown,,50,50,50,50,50,50,,False,300
Lanturn,Water,Electric,125,58,58,76,76,67,2.0,False,116
Lapras,Water,Ice,130,85,80,85,95,60,1.0,False,165
Larvesta,Bug,Fire,55,85,55,50,55,60,5.0,False,140
Larvitar,Rock,Ground,50,64,50,45,50,41,2.0,False,114
Latias,Dragon,Psychic,80,80,90,110,130,110,3.0,True,170
Latios,Dragon,Psychic,80,90,80,130,110,110,3.0,True,170
Leafeon,Grass,,65,110,130,60,65,95,4.0,False,240
Leavanny,Bug,Grass,75,103,80,70,80,92,5.0,False,183
Lechonk,Unknown,,50,50,50,50,50,50,,False,300
Ledian,Bug,Flying,55,35,50,55,110,85,2.0,False,85
Ledyba,Bug,Flying,40,20,30,40,80,55,2.0,False,50
Lickilicky,Normal,,110,85,95,80,95,50,4.0,False,180
Lickitung,Normal,,90,55,75,60,75,30,1.0,False,130
Liepard,Dark,,64,88,50,88,50,106,5.0,False,138
Lileep,Rock,Grass,66,41,77,61,87,23,3.0,False,118
Lilligant,Grass,,70,60,75,110,75,90,5.0,False,135
Lillipup,Normal,,45,60,45,25,45,55,5.0,False,105
Linoone,Normal,,78,70,61,50,61,100,3.0,False,131
Litleo,Fire,Normal,62,50,58,73,54,72,6.0,False,108
Litten,Unknown,,50,50,50,50,50,50,,False,300
Litwick,Ghost,Fire,50,30,55,65,55,20,5.0,False,85
Lokix,Unknown,,50,50,50,50,50,50,,False,300
Lombre,Water,Grass,60,50,50,60,70,50,3.0,False,100
Lopunny,Normal,,65,76,84,54,96,105,4.0,False,160
Lotad,Water,Grass,40,30,30,40,50,30,3.0,False,60
Loudred,Normal,,84,71,43,71,43,48,3.0,False,114
Lucario,Fighting,Steel,70,110,70,115,70,90,4.0,False,180
Ludicolo,Water,Grass,80,70,70,90,100,70,3.0,False,140
Lugia,Psychic,Flying,106,90,130,90,154,110,2.0,True,220
Lumineon,Water,,69,69,76,69,86,91,4.0,False,145
Lunala,Unknown,,50,50,50,50,50,50,,False,300
Lunatone,Rock,Psychic,70,55,65,95,85,70,3.0,False,120
Lurantis,Unknown,,50,50,50,50,50,50,,False,300
Luvdisc,Water,,43,30,55,40,65,97,3.0,False,85
Luxio,Electric,,60,85,49,60,49,60,4.0,False,134
Luxray,Electric,,80,120,79,95,79,70,4.0,False,199
Lycanroc,Unknown,,50,50,50,50,50,50,,False,300
Lycanroc (Dusk Form),Unknown,,50,50,50,50,50,50,,False,300
Lycanroc (Midday Form),Unknown,,50,50,50,50,50,50,,False,300
Lycanroc (Midnight Form),Unknown,,50,50,50,50,50,50,,False,300
Mabosstiff,Unknown,,50,50,50,50,50,50,,False,300
Machamp,Fighting,,90,130,80,65,85,55,1.0,False,210
Machoke,Fighting,,80,100,70,50,60,45,1.0,False,170
Machop,Fighting,,70,80,50,35,35,35,1.0,False,130
Magby,Fire,,45,75,37,70,55,83,2.0,False,112
Magcargo,Fire,Rock,50,50,120,80,80,30,2.0,False,170
Magearna,Unknown,,50,50,50,50,50,50,,False,300
Magikarp,Water,,20,10,55,15,20,80,1.0,False,65
Magmar,Fire,,65,95,57,100,85,93,1.0,False,152
Magmortar,Fire,,75,95,67,125,95,83,4.0,False,162
Magnemite,Electric,Steel,25,35,70,95,55,45,1.0,False,105
Magneton,Electric,Steel,50,60,95,120,70,70,1.0,False,155
Magnezone,Electric,Steel,70,70,115,130,90,60,4.0,False,185
Makuhita,Fighting,,72,60,30,20,30,25,3.0,False,90
Malamar,Dark,Psychic,86,92,88,68,75,73,6.0,False,180
Mamoswine,Ice,Ground,110,130,80,70,60,80,4.0,False,210
Manaphy,Water,,100,100,100,100,100,100,4.0,False,200
Mandibuzz,Dark,Flying,110,65,105,55,95,80,5.0,False,170
Manectric,Electric,,70,75,60,105,60,105,3.0,False,135
Mankey,Fighting,,40,80,35,35,45,70,1.0,False,115
Mantine,Water,Flying,65,40,70,80,140,70,2.0,False,110
Mantyke,Water,Flying,45,20,50,60,120,50,4.0,False,70
Maractus,Grass,,75,86,67,106,67,60,5.0,False,153
Mareanie,Unknown,,50,50,50,50,50,50,,False,300
Mareep,Electric,,55,40,40,65,45,35,2.0,False,80
Marill,Water,Fairy,70,20,50,20,50,40,2.0,False,70
Marowak,Ground,,60,80,110,50,80,45,1.0,False,190
Marshadow,Unknown,,50,50,50,50,50,50,,False,300
Marshtomp,Water,Ground,70,85,70,60,70,50,3.0,False,155
Maschiff,Unknown,,50,50,50,50,50,50,,False,300
Masquerain,Bug,Flying,70,60,62,80,82,60,3.0,False,122
Maushold,Unknown,,50,50,50,50,50,50,,False,300
Maushold (Family of Four),Unknown,,50,50,50,50,50,50,,False,300
Mawile,Steel,Fairy,50,85,85,55,55,50,3.0,False,170
Medicham,Fighting,Psychic,60,60,75,60,75,80,3.0,False,135
Meditite,Fighting,Psychic,30,40,55,40,55,60,3.0,False,95
Mega Abomasnow,Grass,Ice,90,132,105,132,105,30,4.0,False,237
Mega Absol,Dark,,65,150,60,115,60,115,3.0,False,210
Mega Aerodactyl,Rock,Flying,80,135,85,70,95,150,1.0,False,220
Mega Aggron,Steel,,70,140,230,60,80,50,3.0,False,370
Mega Alakazam,Psychic,,55,50,65,175,95,150,1.0,False,115
Mega Altaria,Dragon,Fairy,75,110,110,110,105,80,3.0,False,220
Mega Ampharos,Electric,Dragon,90,95,105,165,110,45,2.0,False,200
Mega Audino,Normal,Fairy,103,60,126,80,126,50,5.0,False,186
Mega Banette,Ghost,,64,165,75,93,83,75,3.0,False,240
Mega Beedrill,Bug,Poison,65,150,40,15,80,145,1.0,False,190
Mega Blastoise,Water,,79,103,120,135,115,78,1.0,False,223
Mega Blaziken,Fire,Fighting,80,160,80,130,80,100,3.0,False,240
Mega Camerupt,Fire,Ground,70,120,100,145,105,20,3.0,False,220
Mega Charizard X,Fire,Dragon,78,130,111,130,85,100,1.0,False,241
Mega Charizard Y,Fire,Flying,78,104,78,159,115,100,1.0,False,182
Mega Diancie,Rock,Fairy,50,160,110,160,110,110,6.0,True,270
Mega Gallade,Psychic,Fighting,68,165,95,65,115,110,4.0,False,260
Mega Garchomp,Dragon,Ground,108,170,115,120,95,92,4.0,False,285
Mega Gardevoir,Psychic,Fairy,68,85,65,165,135,100,3.0,False,150
Mega Gengar,Ghost,Poison,60,65,80,170,95,130,1.0,False,145
Mega Glalie,Ice,,80,120,80,120,80,100,3.0,False,200
Mega Gyarados,Water,Dark,95,155,109,70,130,81,1.0,False,264
Mega Heracross,Bug,Fighting,80,185,115,40,105,75,2.0,False,300
Mega Houndoom,Dark,Fire,75,90,90,140,90,115,2.0,False,180
Mega Kangaskhan,Normal,,105,125,100,60,100,100,1.0,False,225
Mega Latias,Dragon,Psychic,80,100,120,140,150,110,3.0,True,220
Mega Latios,Dragon,Psychic,80,130,100,160,120,110,3.0,True,230
Mega Lopunny,Normal,Fighting,65,136,94,54,96,135,4.0,False,230
Mega Lucario,Fighting,Steel,70,145,88,140,70,112,4.0,False,233
Mega Manectric,Electric,,70,75,80,135,80,135,3.0,False,155
Mega Mawile,Steel,Fairy,50,105,125,55,95,50,3.0,False,230
Mega Medicham,Fighting,Psychic,60,100,85,80,85,100,3.0,False,185
Mega Metagross,Steel,Psychic,80,145,150,105,110,110,3.0,False,295
Mega Mewtwo X,Psychic,Fighting,106,190,100,154,100,130,1.0,True,290
Mega Mewtwo Y,Psychic,,106,150,70,194,120,140,1.0,True,220
Mega Pidgeot,Normal,Flying,83,80,80,135,80,121,1.0,False,160
Mega Pinsir,Bug,Flying,65,155,120,65,90,105,1.0,False,275
Mega Rayquaza,Dragon,Flying,105,180,100,180,100,115,3.0,True,280
Mega Sableye,Dark,Ghost,50,85,125,85,115,20,3.0,False,210
Mega Salamence,Dragon,Flying,95,145,130,120,90,120,3.0,False,275
Mega Sceptile,Grass,Dragon,70,110,75,145,85,145,3.0,False,185
Mega Scizor,Bug,Steel,70,150,140,65,100,75,2.0,False,290
Mega Sharpedo,Water,Dark,70,140,70,110,65,105,3.0,False,210
Mega Slowbro,Water,Psychic,95,75,180,130,80,30,1.0,False,255
Mega Steelix,Steel,Ground,75,125,230,55,95,30,2.0,False,355
Mega Swampert,Water,Ground,100,150,110,95,110,70,3.0,False,260
Mega Tyranitar,Rock,Dark,100,164,150,95,120,71,2.0,False,314
Mega Venusaur,Grass,Poison,80,100,123,122,120,80,1.0,False,223
Meganium,Grass,,80,82,100,83,100,80,2.0,False,182
Melmetal,Unknown,,50,50,50,50,50,50,,False,300
Meloetta,Unknown,,50,50,50,50,50,50,,False,300
Meloetta (Aria Forme),Unknown,,50,50,50,50,50,50,,False,300
Meloetta (Pirouette Forme),Unknown,,50,50,50,50,50,50,,False,300
Meltan,Unknown,,50,50,50,50,50,50,,False,300
Meowscarada,Unknown,,50,50,50,50,50,50,,False,300
Meowstic,Unknown,,50,50,50,50,50,50,,False,300
Meowstic (Female),Unknown,,50,50,50,50,50,50,,False,300
Meowstic (Male),Unknown,,50,50,50,50,50,50,,False,300
Meowth,Normal,,40,45,35,40,40,90,1.0,False,80
Mesprit,Psychic,,80,105,105,105,105,80,4.0,True,210
Metagross,Steel,Psychic,80,135,130,95,90,70,3.0,False,265
Metang,Steel,Psychic,60,75,100,55,80,50,3.0,False,175
Metapod,Bug,,50,20,55,25,25,30,1.0,False,75
Mew,Psychic,,100,100,100,100,100,100,1.0,False,200
Mewtwo,Psychic,,106,110,90,154,90,130,1.0,True,200
Mienfoo,Fighting,,45,85,50,55,50,65,5.0,False,135
Mienshao,Fighting,,65,125,60,95,60,105,5.0,False,185
Mightyena,Dark,,70,90,70,60,60,70,3.0,False,160
Milcery,Unknown,,50,50,50,50,50,50,,False,300
Milotic,Water,,95,60,79,100,125,81,3.0,False,139
Miltank,Normal,,95,80,105,40,70,100,2.0,False,185
Mime Jr,Unknown,,50,50,50,50,50,50,,False,300
Mimikyu,Unknown,,50,50,50,50,50,50,,False,300
Minccino,Normal,,55,50,40,40,40,75,5.0,False,90
Minior,Unknown,,50,50,50,50,50,50,,False,300
Minior (Core Form),Unknown,,50,50,50,50,50,50,,False,300
Minior (Meteor Form),Unknown,,50,50,50,50,50,50,,False,300
Minun,Electric,,60,40,50,75,85,95,3.0,False,90
Miraidon,Unknown,,50,50,50,50,50,50,,False,300
Misdreavus,Ghost,,60,60,60,85,85,85,2.0,False,120
Mismagius,Ghost,,60,60,60,105,105,105,4.0,False,120
Moltres,Fire,Flying,90,100,90,125,85,90,1.0,True,190
Monferno,Fire,Fighting,64,78,52,78,52,81,4.0,False,130
Morelull,Unknown,,50,50,50,50,50,50,,False,300
Morgrem,Unknown,,50,50,50,50,50,50,,False,300
Morpeko,Unknown,,50,50,50,50,50,50,,False,300
Morpeko (Full Belly Mode),Unknown,,50,50,50,50,50,50,,False,300
Morpeko (Hangry Mode),Unknown,,50,50,50,50,50,50,,False,300
Mothim,Bug,Flying,70,94,50,94,50,66,4.0,False,144
Mr. Mime,Psychic,Fairy,40,45,65,100,120,90,1.0,False,110
Mr. Rime,Unknown,,50,50,50,50,50,50,,False,300
Mudbray,Unknown,,50,50,50,50,50,50,,False,300
Mudkip,Water,,50,70,50,50,50,40,3.0,False,120
Mudsdale,Unknown,,50,50,50,50,50,50,,False,300
Muk,Poison,,105,105,75,65,100,50,1.0,False,180
Munchlax,Normal,,135,85,40,40,85,5,4.0,False,125
Munkidori,Unknown,,50,50,50,50,50,50,,False,300
Munna,Psychic,,76,25,45,67,55,24,5.0,False,70
Murkrow,Dark,Flying,60,85,42,85,42,91,2.0,False,127
Musharna,Psychic,,116,55,85,107,95,29,5.0,False,140
Nacli,Unknown,,50,50,50,50,50,50,,False,300
Naclstack,Unknown,,50,50,50,50,50,50,,False,300
Naganadel,Unknown,,50,50,50,50,50,50,,False,300
Natu,Psychic,Flying,40,50,45,70,45,70,2.0,False,95
Necrozma,Unknown,,50,50,50,50,50,50,,False,300
Necrozma (Dawn Wings Necrozma),Unknown,,50,50,50,50,50,50,,False,300
Necrozma (Dusk Mane Necrozma),Unknown,,50,50,50,50,50,50,,False,300
Necrozma (Ultra Necrozma),Unknown,,50,50,50,50,50,50,,False,300
Nickit,Unknown,,50,50,50,50,50,50,,False,300
Nidoking,Poison,Ground,81,102,77,85,75,85,1.0,False,179
Nidoqueen,Poison,Ground,90,92,87,75,85,76,1.0,False,179
Nidoran♀,Poison,,55,47,52,40,40,41,1.0,False,99
Nidoran♂,Poison,,46,57,40,40,40,50,1.0,False,97
Nidorina,Poison,,70,62,67,55,55,56,1.0,False,129
Nidorino,Poison,,61,72,57,55,55,65,1.0,False,129
Nihilego,Unknown,,50,50,50,50,50,50,,False,300
Nincada,Bug,Ground,31,45,90,30,30,40,3.0,False,135
Ninetales,Fire,,73,76,75,81,100,100,1.0,False,151
Ninjask,Bug,Flying,61,90,45,50,50,160,3.0,False,135
Noctowl,Normal,Flying,100,50,50,76,96,70,2.0,False,100
Noibat,Flying,Dragon,40,30,35,45,40,55,6.0,False,65
Noivern,Flying,Dragon,85,70,80,97,80,123,6.0,False,150
Nosepass,Rock,,30,45,135,45,90,30,3.0,False,180
Numel,Fire,Ground,60,60,40,65,45,35,3.0,False,100
Nuzleaf,Grass,Dark,70,70,40,60,40,60,3.0,False,110
Nymble,Unknown,,50,50,50,50,50,50,,False,300
Obstagoon,Unknown,,50,50,50,50,50,50,,False,300
Octillery,Water,,75,105,75,105,75,45,2.0,False,180
Oddish,Grass,Poison,45,50,55,75,65,30,1.0,False,105
Ogerpon,Unknown,,50,50,50,50,50,50,,False,300
Ogerpon (Teal Mask),Unknown,,50,50,50,50,50,50,,False,300
Oinkologne (Female),Unknown,,50,50,50,50,50,50,,False,300
Oinkologne (Male),Unknown,,50,50,50,50,50,50,,False,300
Okidogi,Unknown,,50,50,50,50,50,50,,False,300
Omanyte,Rock,Water,35,40,100,90,55,35,1.0,False,140
Omastar,Rock,Water,70,60,125,115,70,55,1.0,False,185
Onix,Rock,Ground,35,45,160,30,45,70,1.0,False,205
Oranguru,Unknown,,50,50,50,50,50,50,,False,300
Orbeetle,Unknown,,50,50,50,50,50,50,,False,300
Oricorio,Unknown,,50,50,50,50,50,50,,False,300
Oricorio (Baile Style),Unknown,,50,50,50,50,50,50,,False,300
Oricorio (Pa_u Style),Unknown,,50,50,50,50,50,50,,False,300
Oricorio (Pom-Pom Style),Unknown,,50,50,50,50,50,50,,False,300
Oricorio (Sensu Style),Unknown,,50,50,50,50,50,50,,False,300
Orthworm,Unknown,,50,50,50,50,50,50,,False,300
Oshawott,Water,,55,55,45,63,45,45,5.0,False,100
Overqwil,Unknown,,50,50,50,50,50,50,,False,300
Pachirisu,Electric,,60,45,70,45,90,95,4.0,False,115
Palafin,Unknown,,50,50,50,50,50,50,,False,300
Palafin (Hero Form),Unknown,,50,50,50,50,50,50,,False,300
Palafin (Zero Form),Unknown,,50,50,50,50,50,50,,False,300
Paldean Wooper,Unknown,,50,50,50,50,50,50,,False,300
Palkia,Water,Dragon,90,120,100,150,120,100,4.0,True,220
Palkia (Origin Forme),Unknown,,50,50,50,50,50,50,,False,300
Palossand,Unknown,,50,50,50,50,50,50,,False,300
Palpitoad,Water,Ground,75,65,55,65,55,69,5.0,False,120
Pancham,Fighting,,67,82,62,46,48,43,6.0,False,144
Pangoro,Fighting,Dark,95,124,78,69,71,58,6.0,False,202
Panpour,Water,,50,53,48,53,48,64,5.0,False,101
Pansage,Grass,,50,53,48,53,48,64,5.0,False,101
Pansear,Fire,,50,53,48,53,48,64,5.0,False,101
Paras,Bug,Grass,35,70,55,45,55,25,1.0,False,125
Parasect,Bug,Grass,60,95,80,60,80,30,1.0,False,175
Passimian,Unknown,,50,50,50,50,50,50,,False,300
Patrat,Normal,,45,55,39,35,39,42,5.0,False,94
Pawmi,Unknown,,50,50,50,50,50,50,,False,300
Pawmo,Unknown,,50,50,50,50,50,50,,False,300
Pawmot,Unknown,,50,50,50,50,50,50,,False,300
Pawniard,Dark,Steel,45,85,70,40,40,60,5.0,False,155
Pecharunt,Unknown,,50,50,50,50,50,50,,False,300
Pelipper,Water,Flying,60,50,100,85,70,65,3.0,False,150
Perrserker,Unknown,,50,50,50,50,50,50,,False,300
Persian,Normal,,65,70,60,65,65,115,1.0,False,130
Petilil,Grass,,45,35,50,70,50,30,5.0,False,85
Phanpy,Ground,,90,60,60,40,40,40,2.0,False,120
Phantump,Ghost,Grass,43,70,48,50,60,38,6.0,False,118
Pheromosa,Unknown,,50,50,50,50,50,50,,False,300
Phione,Water,,80,80,80,80,80,80,4.0,False,160
Pichu,Electric,,20,40,15,35,35,60,2.0,False,55
Pidgeot,Normal,Flying,83,80,75,70,70,101,1.0,False,155
Pidgeotto,Normal,Flying,63,60,55,50,50,71,1.0,False,115
Pidgey,Normal,Flying,40,45,40,35,35,56,1.0,False,85
Pidove,Normal,Flying,50,55,50,36,30,43,5.0,False,105
Pignite,Fire,Fighting,90,93,55,70,55,55,5.0,False,148
Pikachu,Electric,,35,55,40,50,50,90,1.0,False,95
Pikachu (Partner Pikachu),Unknown,,50,50,50,50,50,50,,False,300
Pikipek,Unknown,,50,50,50,50,50,50,,False,300
Piloswine,Ice,Ground,100,100,80,60,60,50,2.0,False,180
Pincurchin,Unknown,,50,50,50,50,50,50,,False,300
Pineco,Bug,,50,65,90,35,35,15,2.0,False,155
Pinsir,Bug,,65,125,100,55,70,85,1.0,False,225
Piplup,Water,,53,51,53,61,56,40,4.0,False,104
Plusle,Electric,,60,50,40,85,75,95,3.0,False,90
Poipole,Unknown,,50,50,50,50,50,50,,False,300
Politoed,Water,,90,75,75,90,100,70,2.0,False,150
Poliwag,Water,,40,50,40,40,40,90,1.0,False,90
Poliwhirl,Water,,65,65,65,50,50,90,1.0,False,130
Poliwrath,Water,Fighting,90,95,95,70,90,70,1.0,False,190
Poltchageist,Unknown,,50,50,50,50,50,50,,False,300
Polteageist,Unknown,,50,50,50,50,50,50,,False,300
Ponyta,Fire,,50,85,55,65,65,90,1.0,False,140
Poochyena,Dark,,35,55,35,30,30,35,3.0,False,90
Popplio,Unknown,,50,50,50,50,50,50,,False,300
Porygon,Normal,,65,60,70,85,75,40,1.0,False,130
Porygon-Z,Normal,,85,80,70,135,75,90,4.0,False,150
Porygon2,Normal,,85,80,90,105,95,60,2.0,False,170
Primal Groudon,Ground,Fire,100,180,160,150,90,90,3.0,True,340
Primal Kyogre,Water,,100,150,90,180,160,90,3.0,True,240
Primarina,Unknown,,50,50,50,50,50,50,,False,300
Primeape,Unknown,,50,50,50,50,50,50,,False,300
Prinplup,Water,,64,66,68,81,76,50,4.0,False,134
Probopass,Rock,Steel,60,55,145,75,150,40,4.0,False,200
Psyduck,Water,,50,52,48,65,50,55,1.0,False,100
Pumpkaboo,Unknown,,50,50,50,50,50,50,,False,300
Pupitar,Rock,Ground,70,84,70,65,70,51,2.0,False,154
Purrloin,Dark,,41,50,37,50,37,66,5.0,False,87
Purugly,Normal,,71,82,64,64,59,112,4.0,False,146
Pyroar,Fire,Normal,86,68,72,109,66,106,6.0,False,140
Pyukumuku,Unknown,,50,50,50,50,50,50,,False,300
Quagsire,Water,Ground,95,85,85,65,65,35,2.0,False,170
Quaquaval,Unknown,,50,50,50,50,50,50,,False,300
Quaxly,Unknown,,50,50,50,50,50,50,,False,300
Quaxwell,Unknown,,50,50,50,50,50,50,,False,300
Quilava,Fire,,58,64,58,80,65,80,2.0,False,122
Quilladin,Grass,,61,78,95,56,58,57,6.0,False,173
Qwilfish,Water,Poison,65,95,75,55,55,85,2.0,False,170
Raboot,Unknown,,50,50,50,50,50,50,,False,300
Rabsca,Unknown,,50,50,50,50,50,50,,False,300
Raging Bolt,Unknown,,50,50,50,50,50,50,,False,300
Raichu,Electric,,60,90,55,90,80,110,1.0,False,145
Raikou,Electric,,90,85,75,115,100,115,2.0,True,160
Ralts,Psychic,Fairy,28,25,25,45,35,40,3.0,False,50
Rampardos,Rock,,97,165,60,65,50,58,4.0,False,225
Rapidash,Fire,,65,100,70,80,80,105,1.0,False,170
Raticate,Normal,,55,81,60,50,70,97,1.0,False,141
Rattata,Normal,,30,56,35,25,35,72,1.0,False,91
Rayquaza,Dragon,Flying,105,150,90,150,90,95,3.0,True,240
Regice,Ice,,80,50,100,100,200,50,3.0,True,150
Regidrago,Unknown,,50,50,50,50,50,50,,False,300
Regieleki,Unknown,,50,50,50,50,50,50,,False,300
Regigigas,Normal,,110,160,110,80,110,100,4.0,True,270
Regirock,Rock,,80,100,200,50,100,50,3.0,True,300
Registeel,Steel,,80,75,150,75,150,50,3.0,True,225
Relicanth,Water,Rock,100,90,130,45,65,55,3.0,False,220
Rellor,Unknown,,50,50,50,50,50,50,,False,300
Remoraid,Water,,35,65,35,65,35,65,2.0,False,100
Reshiram,Dragon,Fire,100,120,100,150,120,90,5.0,True,220
Reuniclus,Psychic,,110,65,75,125,85,30,5.0,False,140
Revavroom,Unknown,,50,50,50,50,50,50,,False,300
Rhydon,Ground,Rock,105,130,120,45,45,40,1.0,False,250
Rhyhorn,Ground,Rock,80,85,95,30,30,25,1.0,False,180
Rhyperior,Ground,Rock,115,140,130,55,55,40,4.0,False,270
Ribombee,Unknown,,50,50,50,50,50,50,,False,300
Rillaboom,Unknown,,50,50,50,50,50,50,,False,300
Riolu,Fighting,,40,70,40,35,40,60,4.0,False,110
Roaring Moon,Unknown,,50,50,50,50,50,50,,False,300
Rockruff,Unknown,,50,50,50,50,50,50,,False,300
Roggenrola,Rock,,55,75,85,25,25,15,5.0,False,160
Rolycoly,Unknown,,50,50,50,50,50,50,,False,300
Rookidee,Unknown,,50,50,50,50,50,50,,False,300
Roselia,Grass,Poison,50,60,45,100,80,65,3.0,False,105
Roserade,Grass,Poison,60,70,65,125,105,90,4.0,False,135
Rotom,Electric,Ghost,50,50,77,95,77,91,4.0,False,127
Rotom (Fan Rotom),Unknown,,50,50,50,50,50,50,,False,300
Rotom (Frost Rotom),Unknown,,50,50,50,50,50,50,,False,300
Rotom (Heat Rotom),Unknown,,50,50,50,50,50,50,,False,300
Rotom (Mow Rotom),Unknown,,50,50,50,50,50,50,,False,300
Rotom (Wash Rotom),Unknown,,50,50,50,50,50,50,,False,300
Rowlet,Unknown,,50,50,50,50,50,50,,False,300
Rufflet,Normal,Flying,70,83,50,37,50,60,5.0,False,133
Runerigus,Unknown,,50,50,50,50,50,50,,False,300
Sableye,Dark,Ghost,50,75,75,65,65,50,3.0,False,150
Salamence,Dragon,Flying,95,135,80,110,80,100,3.0,False,215
Salandit,Unknown,,50,50,50,50,50,50,,False,300
Salazzle,Unknown,,50,50,50,50,50,50,,False,300
Samurott,Water,,95,100,85,108,70,70,5.0,False,185
Sandaconda,Unknown,,50,50,50,50,50,50,,False,300
Sandile,Ground,Dark,50,72,35,35,35,65,5.0,False,107
Sandshrew,Ground,,50,75,85,20,30,40,1.0,False,160
Sandslash,Ground,,75,100,110,45,55,65,1.0,False,210
Sandy Shocks,Unknown,,50,50,50,50,50,50,,False,300
Sandygast,Unknown,,50,50,50,50,50,50,,False,300
Sawk,Fighting,,75,125,75,30,75,85,5.0,False,200
Sawsbuck,Normal,Grass,80,100,70,60,70,95,5.0,False,170
Scatterbug,Bug,,38,35,40,27,25,35,6.0,False,75
Sceptile,Grass,,70,85,65,105,85,120,3.0,False,150
Scizor,Bug,Steel,70,130,100,55,80,65,2.0,False,230
Scolipede,Bug,Poison,60,100,89,55,69,112,5.0,False,189
Scorbunny,Unknown,,50,50,50,50,50,50,,False,300
Scovillain,Unknown,,50,50,50,50,50,50,,False,300
Scrafty,Dark,Fighting,65,90,115,45,115,58,5.0,False,205
Scraggy,Dark,Fighting,50,75,70,35,70,48,5.0,False,145
Scream Tail,Unknown,,50,50,50,50,50,50,,False,300
Scyther,Bug,Flying,70,110,80,55,80,105,1.0,False,190
Seadra,Water,,55,65,95,95,45,85,1.0,False,160
Seaking,Water,,80,92,65,65,80,68,1.0,False,157
Sealeo,Ice,Water,90,60,70,75,70,45,3.0,False,130
Seedot,Grass,,40,40,50,30,30,30,3.0,False,90
Seel,Water,,65,45,55,45,70,45,1.0,False,100
Seismitoad,Water,Ground,105,95,75,85,75,74,5.0,False,170
Sentret,Normal,,35,46,34,35,45,20,2.0,False,80
Serperior,Grass,,75,75,95,75,95,113,5.0,False,170
Servine,Grass,,60,60,75,60,75,83,5.0,False,135
Seviper,Poison,,73,100,60,100,60,65,3.0,False,160
Sewaddle,Bug,Grass,45,53,70,40,60,42,5.0,False,123
Sharpedo,Water,Dark,70,120,40,95,40,95,3.0,False,160
Shaymin,Unknown,,50,50,50,50,50,50,,False,300
Shaymin (Land Forme),Unknown,,50,50,50,50,50,50,,False,300
Shaymin (Sky Forme),Unknown,,50,50,50,50,50,50,,False,300
Shedinja,Bug,Ghost,1,90,45,30,30,40,3.0,False,135
Shelgon,Dragon,,65,95,100,60,50,50,3.0,False,195
Shellder,Water,,30,65,100,45,25,40,1.0,False,165
Shellos,Water,,76,48,48,57,62,34,4.0,False,96
Shelmet,Bug,,50,40,85,40,65,25,5.0,False,125
Shieldon,Rock,Steel,30,42,118,42,88,30,4.0,False,160
Shiftry,Grass,Dark,90,100,60,90,60,80,3.0,False,160
Shiinotic,Unknown,,50,50,50,50,50,50,,False,300
Shinx,Electric,,45,65,34,40,34,45,4.0,False,99
Shroodle,Unknown,,50,50,50,50,50,50,,False,300
Shroomish,Grass,,60,40,60,40,60,35,3.0,False,100
Shuckle,Bug,Rock,20,10,230,10,230,5,2.0,False,240
Shuppet,Ghost,,44,75,35,63,33,45,3.0,False,110
Sigilyph,Psychic,Flying,72,58,80,103,80,97,5.0,False,138
Silcoon,Bug,,50,35,55,25,25,15,3.0,False,90
Silicobra,Unknown,,50,50,50,50,50,50,,False,300
Silvally,Unknown,,50,50,50,50,50,50,,False,300
Simipour,Water,,75,98,63,98,63,101,5.0,False,161
Simisage,Grass,,75,98,63,98,63,101,5.0,False,161
Simisear,Fire,,75,98,63,98,63,101,5.0,False,161
Sinistcha,Unknown,,50,50,50,50,50,50,,False,300
Sinistea,Unknown,,50,50,50,50,50,50,,False,300
Sirfetch_d,Unknown,,50,50,50,50,50,50,,False,300
Sizzlipede,Unknown,,50,50,50,50,50,50,,False,300
Skarmory,Steel,Flying,65,80,140,40,70,70,2.0,False,220
Skeledirge,Unknown,,50,50,50,50,50,50,,False,300
Skiddo,Grass,,66,65,48,62,57,52,6.0,False,113
Skiploom,Grass,Flying,55,45,50,45,65,80,2.0,False,95
Skitty,Normal,,50,45,45,35,35,50,3.0,False,90
Skorupi,Poison,Bug,40,50,90,30,55,65,4.0,False,140
Skrelp,Poison,Water,50,60,60,60,60,30,6.0,False,120
Skuntank,Poison,Dark,103,93,67,71,61,84,4.0,False,160
Skwovet,Unknown,,50,50,50,50,50,50,,False,300
Slaking,Normal,,150,160,100,95,65,100,3.0,False,260
Slakoth,Normal,,60,60,60,35,35,30,3.0,False,120
Sliggoo,Dragon,,68,75,53,83,113,60,6.0,False,128
Slither Wing,Unknown,,50,50,50,50,50,50,,False,300
Slowbro,Water,Psychic,95,75,110,100,80,30,1.0,False,185
Slowking,Water,Psychic,95,75,80,100,110,30,2.0,False,155
Slowpoke,Water,Psychic,90,65,65,40,40,15,1.0,False,130
Slugma,Fire,,40,40,40,70,40,20,2.0,False,80
Slurpuff,Fairy,,82,80,86,85,75,72,6.0,False,166
Smeargle,Normal,,55,20,35,20,45,75,2.0,False,55
Smoliv,Unknown,,50,50,50,50,50,50,,False,300
Smoochum,Ice,Psychic,45,30,15,85,65,65,2.0,False,45
Sneasel,Dark,Ice,55,95,55,35,75,115,2.0,False,150
Sneasler,Unknown,,50,50,50,50,50,50,,False,300
Snivy,Grass,,45,45,55,45,55,63,5.0,False,100
Snom,Unknown,,50,50,50,50,50,50,,False,300
Snorlax,Normal,,160,110,65,65,110,30,1.0,False,175
Snorunt,Ice,,50,50,50,50,50,50,3.0,False,100
Snover,Grass,Ice,60,62,50,62,60,40,4.0,False,112
Snubbull,Fairy,,60,80,50,40,40,30,2.0,False,130
Sobble,Unknown,,50,50,50,50,50,50,,False,300
Solgaleo,Unknown,,50,50,50,50,50,50,,False,300
Solosis,Psychic,,45,30,40,105,50,20,5.0,False,70
Solrock,Rock,Psychic,70,95,85,55,65,70,3.0,False,180
Spearow,Normal,Flying,40,60,30,31,31,70,1.0,False,90
Spectrier,Unknown,,50,50,50,50,50,50,,False,300
Spewpa,Bug,,45,22,60,27,30,29,6.0,False,82
Spheal,Ice,Water,70,40,50,55,50,25,3.0,False,90
Spidops,Unknown,,50,50,50,50,50,50,,False,300
Spinarak,Bug,Poison,40,60,40,40,40,30,2.0,False,100
Spinda,Normal,,60,60,60,60,60,60,3.0,False,120
Spiritomb,Ghost,Dark,50,92,108,92,108,35,4.0,False,200
Spoink,Psychic,,60,25,35,70,80,60,3.0,False,60
Sprigatito,Unknown,,50,50,50,50,50,50,,False,300
Spritzee,Fairy,,78,52,60,63,65,23,6.0,False,112
Squawkabilly,Unknown,,50,50,50,50,50,50,,False,300
Squawkabilly (Green Plumage),Unknown,,50,50,50,50,50,50,,False,300
Squirtle,Water,,44,48,65,50,64,43,1.0,False,113
Stakataka,Unknown,,50,50,50,50,50,50,,False,300
Stantler,Normal,,73,95,62,85,65,85,2.0,False,157
Staraptor,Normal,Flying,85,120,70,50,60,100,4.0,False,190
Staravia,Normal,Flying,55,75,50,40,40,80,4.0,False,125
Starly,Normal,Flying,40,55,30,30,30,60,4.0,False,85
Starmie,Water,Psychic,60,75,85,100,85,115,1.0,False,160
Staryu,Water,,30,45,55,70,55,85,1.0,False,100
Steelix,Steel,Ground,75,85,200,55,65,30,2.0,False,285
Steenee,Unknown,,50,50,50,50,50,50,,False,300
Stonjourner,Unknown,,50,50,50,50,50,50,,False,300
Stoutland,Normal,,85,110,90,45,90,80,5.0,False,200
Stufful,Unknown,,50,50,50,50,50,50,,False,300
Stunfisk,Ground,Electric,109,66,84,81,99,32,5.0,False,150
Stunky,Poison,Dark,63,63,47,41,41,74,4.0,False,110
Sudowoodo,Rock,,70,100,115,30,65,30,2.0,False,215
Suicune,Water,,100,75,115,90,115,85,2.0,True,190
Sunflora,Grass,,75,75,55,105,85,30,2.0,False,130
Sunkern,Grass,,30,30,30,30,30,30,2.0,False,60
Surskit,Bug,Water,40,30,32,50,52,65,3.0,False,62
Swablu,Normal,Flying,45,40,60,40,75,50,3.0,False,100
Swadloon,Bug,Grass,55,63,90,50,80,42,5.0,False,153
Swalot,Poison,,100,73,83,73,83,55,3.0,False,156
Swampert,Water,Ground,100,110,90,85,90,60,3.0,False,200
Swanna,Water,Flying,75,87,63,87,63,98,5.0,False,150
Swellow,Normal,Flying,60,85,60,50,50,125,3.0,False,145
Swinub,Ice,Ground,50,50,40,30,30,50,2.0,False,90
Swirlix,Fairy,,62,48,66,59,57,49,6.0,False,114
Swoobat,Psychic,Flying,67,57,55,77,55,114,5.0,False,112
Sylveon,Fairy,,95,65,65,110,130,60,6.0,False,130
Tadbulb,Unknown,,50,50,50,50,50,50,,False,300
Taillow,Normal,Flying,40,55,30,30,30,85,3.0,False,85
Talonflame,Fire,Flying,78,81,71,74,69,126,6.0,False,152
Tandemaus,Unknown,,50,50,50,50,50,50,,False,300
Tangela,Grass,,65,55,115,100,40,60,1.0,False,170
Tangrowth,Grass,,100,100,125,110,50,50,4.0,False,225
Tapu Bulu,Unknown,,50,50,50,50,50,50,,False,300
Tapu Fini,Unknown,,50,50,50,50,50,50,,False,300
Tapu Koko,Unknown,,50,50,50,50,50,50,,False,300
Tapu Lele,Unknown,,50,50,50,50,50,50,,False,300
Tarountula,Unknown,,50,50,50,50,50,50,,False,300
Tatsugiri,Unknown,,50,50,50,50,50,50,,False,300
Tatsugiri (Curly Form),Unknown,,50,50,50,50,50,50,,False,300
Tatsugiri (Droopy Form),Unknown,,50,50,50,50,50,50,,False,300
Tatsugiri (Stretchy Form),Unknown,,50,50,50,50,50,50,,False,300
Tauros,Normal,,75,100,95,40,70,110,1.0,False,195
Tauros (Aqua Breed),Unknown,,50,50,50,50,50,50,,False,300
Tauros (Blaze Breed),Unknown,,50,50,50,50,50,50,,False,300
Tauros (Combat Breed),Unknown,,50,50,50,50,50,50,,False,300
Teddiursa,Normal,,60,80,50,50,50,40,2.0,False,130
Tentacool,Water,Poison,40,40,35,50,100,70,1.0,False,75
Tentacruel,Water,Poison,80,70,65,80,120,100,1.0,False,135
Tepig,Fire,,65,63,45,45,45,45,5.0,False,108
Terapagos,Unknown,,50,50,50,50,50,50,,False,300
Terapagos (Normal Form),Unknown,,50,50,50,50,50,50,,False,300
Terapagos (Terastal Form),Unknown,,50,50,50,50,50,50,,False,300
Terrakion,Rock,Fighting,91,129,90,72,90,108,5.0,True,219
Thievul,Unknown,,50,50,50,50,50,50,,False,300
Throh,Fighting,,120,100,85,30,85,45,5.0,False,185
Thundurus,Unknown,,50,50,50,50,50,50,,False,300
Thundurus (Incarnate Forme),Unknown,,50,50,50,50,50,50,,False,300
Thundurus (Therian Forme),Unknown,,50,50,50,50,50,50,,False,300
Thwackey,Unknown,,50,50,50,50,50,50,,False,300
Timburr,Fighting,,75,80,55,25,35,35,5.0,False,135
Ting-Lu,Unknown,,50,50,50,50,50,50,,False,300
Tinkatink,Unknown,,50,50,50,50,50,50,,False,300
Tinkaton,Unknown,,50,50,50,50,50,50,,False,300
Tinkatuff,Unknown,,50,50,50,50,50,50,,False,300
Tirtouga,Water,Rock,54,78,103,53,45,22,5.0,False,181
Toedscool,Unknown,,50,50,50,50,50,50,,False,300
Toedscruel,Unknown,,50,50,50,50,50,50,,False,300
Togedemaru,Unknown,,50,50,50,50,50,50,,False,300
Togekiss,Fairy,Flying,85,50,95,120,115,80,4.0,False,145
Togepi,Fairy,,35,20,65,40,65,20,2.0,False,85
Togetic,Fairy,Flying,55,40,85,80,105,40,2.0,False,125
Torchic,Fire,,45,60,40,70,50,45,3.0,False,100
Torkoal,Fire,,70,85,140,85,70,20,3.0,False,225
Tornadus,Unknown,,50,50,50,50,50,50,,False,300
Tornadus (Incarnate Forme),Unknown,,50,50,50,50,50,50,,False,300
Tornadus (Therian Forme),Unknown,,50,50,50,50,50,50,,False,300
Torracat,Unknown,,50,50,50,50,50,50,,False,300
Torterra,Grass,Ground,95,109,105,75,85,56,4.0,False,214
Totodile,Water,,50,65,64,44,48,43,2.0,False,129
Toucannon,Unknown,,50,50,50,50,50,50,,False,300
Toxapex,Unknown,,50,50,50,50,50,50,,False,300
Toxel,Unknown,,50,50,50,50,50,50,,False,300
Toxicroak,Poison,Fighting,83,106,65,86,65,85,4.0,False,171
Toxtricity,Unknown,,50,50,50,50,50,50,,False,300
Toxtricity (Amped Form),Unknown,,50,50,50,50,50,50,,False,300
Toxtricity (Low Key Form),Unknown,,50,50,50,50,50,50,,False,300
Tranquill,Normal,Flying,62,77,62,50,42,65,5.0,False,139
Trapinch,Ground,,45,100,45,45,45,10,3.0,False,145
Treecko,Grass,,40,45,35,65,55,70,3.0,False,80
Trevenant,Ghost,Grass,85,110,76,65,82,56,6.0,False,186
Tropius,Grass,Flying,99,68,83,72,87,51,3.0,False,151
Trubbish,Poison,,50,50,62,40,62,65,5.0,False,112
Trumbeak,Unknown,,50,50,50,50,50,50,,False,300
Tsareena,Unknown,,50,50,50,50,50,50,,False,300
Turtonator,Unknown,,50,50,50,50,50,50,,False,300
Turtwig,Grass,,55,68,64,45,55,31,4.0,False,132
Tympole,Water,,50,50,40,50,40,64,5.0,False,90
Tynamo,Electric,,35,55,40,45,40,60,5.0,False,95
Typhlosion,Fire,,78,84,78,109,85,100,2.0,False,162
Tyranitar,Rock,Dark,100,134,110,95,100,61,2.0,False,244
Tyrantrum,Rock,Dragon,82,121,119,69,59,71,6.0,False,240
Tyrogue,Fighting,,35,35,35,35,35,35,2.0,False,70
Tyrunt,Rock,Dragon,58,89,77,45,45,48,6.0,False,166
Umbreon,Dark,,95,65,110,60,130,65,2.0,False,175
Unfezant,Normal,Flying,80,115,80,65,55,93,5.0,False,195
Unown,Psychic,,48,72,48,72,48,48,2.0,False,120
Ursaluna,Unknown,,50,50,50,50,50,50,,False,300
Ursaring,Normal,,90,130,75,75,75,55,2.0,False,205
Urshifu,Unknown,,50,50,50,50,50,50,,False,300
Urshifu (Rapid Strike Style),Unknown,,50,50,50,50,50,50,,False,300
Urshifu (Single Strike Style),Unknown,,50,50,50,50,50,50,,False,300
Uxie,Psychic,,75,75,130,75,130,95,4.0,True,205
Vanillish,Ice,,51,65,65,80,75,59,5.0,False,130
Vanillite,Ice,,36,50,50,65,60,44,5.0,False,100
Vanilluxe,Ice,,71,95,85,110,95,79,5.0,False,180
Vaporeon,Water,,130,65,60,110,95,65,1.0,False,125
Varoom,Unknown,,50,50,50,50,50,50,,False,300
Veluza,Unknown,,50,50,50,50,50,50,,False,300
Venipede,Bug,Poison,30,45,59,30,39,57,5.0,False,104
Venomoth,Bug,Poison,70,65,60,90,75,90,1.0,False,125
Venonat,Bug,Poison,60,55,50,40,55,45,1.0,False,105
Venusaur,Grass,Poison,80,82,83,100,100,80,1.0,False,165
Vespiquen,Bug,Flying,70,80,102,80,102,40,4.0,False,182
Vibrava,Ground,Dragon,50,70,50,50,50,70,3.0,False,120
Victini,Psychic,Fire,100,100,100,100,100,100,5.0,True,200
Victreebel,Grass,Poison,80,105,65,100,70,70,1.0,False,170
Vigoroth,Normal,,80,80,80,55,55,90,3.0,False,160
Vikavolt,Unknown,,50,50,50,50,50,50,,False,300
Vileplume,Grass,Poison,75,80,85,110,90,50,1.0,False,165
Virizion,Grass,Fighting,91,90,72,90,129,108,5.0,True,162
Vivillon,Bug,Flying,80,52,50,90,50,89,6.0,False,102
Volbeat,Bug,,65,73,55,47,75,85,3.0,False,128
Volcanion,Fire,Water,80,110,120,130,90,70,6.0,True,230
Volcarona,Bug,Fire,85,60,65,135,105,100,5.0,False,125
Voltorb,Electric,,40,30,50,55,55,100,1.0,False,80
Vullaby,Dark,Flying,70,55,75,45,65,60,5.0,False,130
Vulpix,Fire,,38,41,40,50,65,65,1.0,False,81
Wailmer,Water,,130,70,35,70,35,60,3.0,False,105
Wailord,Water,,170,90,45,90,45,60,3.0,False,135
Walking Wake,Unknown,,50,50,50,50,50,50,,False,300
Walrein,Ice,Water,110,80,90,95,90,65,3.0,False,170
Wartortle,Water,,59,63,80,65,80,58,1.0,False,143
Watchog,Normal,,60,85,69,60,69,77,5.0,False,154
Wattrel,Unknown,,50,50,50,50,50,50,,False,300
Weavile,Dark,Ice,70,120,65,45,85,125,4.0,False,185
Weedle,Bug,Poison,40,35,30,20,20,50,1.0,False,65
Weepinbell,Grass,Poison,65,90,50,85,45,55,1.0,False,140
Weezing,Poison,,65,90,120,85,70,60,1.0,False,210
Whimsicott,Grass,Fairy,60,67,85,77,75,116,5.0,False,152
Whirlipede,Bug,Poison,40,55,99,40,79,47,5.0,False,154
Whiscash,Water,Ground,110,78,73,76,71,60,3.0,False,151
Whismur,Normal,,64,51,23,51,23,28,3.0,False,74
Wigglytuff,Normal,Fairy,140,70,45,85,50,45,1.0,False,115
Wiglett,Unknown,,50,50,50,50,50,50,,False,300
Wimpod,Unknown,,50,50,50,50,50,50,,False,300
Wingull,Water,Flying,40,30,30,55,30,85,3.0,False,60
Wishiwashi,Unknown,,50,50,50,50,50,50,,False,300
Wishiwashi (School Form),Unknown,,50,50,50,50,50,50,,False,300
Wishiwashi (Solo Form),Unknown,,50,50,50,50,50,50,,False,300
Wo-Chien,Unknown,,50,50,50,50,50,50,,False,300
Wobbuffet,Psychic,,190,33,58,33,58,33,2.0,False,91
Woobat,Psychic,Flying,55,45,43,55,43,72,5.0,False,88
Wooloo,Unknown,,50,50,50,50,50,50,,False,300
Wooper,Water,Ground,55,45,45,25,25,15,2.0,False,90
Wormadam,Unknown,,50,50,50,50,50,50,,False,300
Wormadam (Plant Cloak),Unknown,,50,50,50,50,50,50,,False,300
Wormadam (Sandy Cloak),Unknown,,50,50,50,50,50,50,,False,300
Wormadam (Trash Cloak),Unknown,,50,50,50,50,50,50,,False,300
Wugtrio,Unknown,,50,50,50,50,50,50,,False,300
Wurmple,Bug,,45,45,35,20,30,20,3.0,False,80
Wynaut,Psychic,,95,23,48,23,48,23,3.0,False,71
Wyrdeer,Unknown,,50,50,50,50,50,50,,False,300
Xatu,Psychic,Flying,65,75,70,95,70,95,2.0,False,145
Xerneas,Fairy,,126,131,95,131,98,99,6.0,True,226
Xurkitree,Unknown,,50,50,50,50,50,50,,False,300
Yamask,Ghost,,38,30,85,55,65,30,5.0,False,115
Yamper,Unknown,,50,50,50,50,50,50,,False,300
Yanma,Bug,Flying,65,65,45,75,45,95,2.0,False,110
Yanmega,Bug,Flying,86,76,86,116,56,95,4.0,False,162
Yungoos,Unknown,,50,50,50,50,50,50,,False,300
Yveltal,Dark,Flying,126,131,95,131,98,99,6.0,True,226
Zacian,Unknown,,50,50,50,50,50,50,,False,300
Zacian (Crowned Sword),Unknown,,50,50,50,50,50,50,,False,300
Zacian (Hero of Many Battles),Unknown,,50,50,50,50,50,50,,False,300
Zamazenta,Unknown,,50,50,50,50,50,50,,False,300
Zamazenta (Crowned Shield),Unknown,,50,50,50,50,50,50,,False,300
Zamazenta (Hero of Many Battles),Unknown,,50,50,50,50,50,50,,False,300
Zangoose,Normal,,73,115,60,60,60,90,3.0,False,175
Zapdos,Electric,Flying,90,90,85,125,90,100,1.0,True,175
Zarude,Unknown,,50,50,50,50,50,50,,False,300
Zebstrika,Electric,,75,100,63,80,63,116,5.0,False,163
Zekrom,Dragon,Electric,100,150,120,120,100,90,5.0,True,270
Zeraora,Unknown,,50,50,50,50,50,50,,False,300
Zigzagoon,Normal,,38,30,41,30,41,60,3.0,False,71
Zoroark,Dark,,60,105,60,120,60,105,5.0,False,165
Zorua,Dark,,40,65,40,80,40,65,5.0,False,105
Zubat,Poison,Flying,40,45,35,30,40,55,1.0,False,80
Zweilous,Dark,Dragon,72,85,70,65,70,58,5.0,False,155
Zygarde,Unknown,,50,50,50,50,50,50,,False,300
Zygarde (10% Forme),Unknown,,50,50,50,50,50,50,,False,300
Zygarde (50% Forme),Unknown,,50,50,50,50,50,50,,False,300
Zygarde (Complete Forme),Unknown,,50,50,50,50,50,50,,False,300
